"id","overrideValues","name","ref1","ref2","ref3","ref4","ref5","ref6","ref7","ref8","ref9","ref10","ref11","ref12","ref13","ref14","ref15","ref16","ref17","ref18","ref19","ref20"
"117a1230-883a-419b-971c-d51b6bfdabc1","true","Country Codes","Afghanistan","AF","AFG","4","","","ISO_3166-2_Code","","","","","","","","","","","","",""
"117a1230-883a-419b-971c-d51b6bfdabc1","true","Country Codes","Aland Islands","AX","ALA","248","","","ISO_3166-2_Code","","","","","","","","","","","","",""
"117a1230-883a-419b-971c-d51b6bfdabc1","true","Country Codes","Albania","AL","ALB","8","","","ISO_3166-2_Code","","","","","","","","","","","","",""
"117a1230-883a-419b-971c-d51b6bfdabc1","true","Country Codes","Algeria","DZ","DZA","12","","","ISO_3166-2_Code","","","","","","","","","","","","",""
"117a1230-883a-419b-971c-d51b6bfdabc1","true","Country Codes","American Samoa","AS","ASM","16","","","ISO_3166-2_Code","","","","","","","","","","","","",""
"117a1230-883a-419b-971c-d51b6bfdabc1","true","Country Codes","Andorra","AD","AND","20","","","ISO_3166-2_Code","","","","","","","","","","","","",""
"117a1230-883a-419b-971c-d51b6bfdabc1","true","Country Codes","Angola","AO","AGO","24","","","ISO_3166-2_Code","","","","","","","","","","","","",""
"117a1230-883a-419b-971c-d51b6bfdabc1","true","Country Codes","Anguilla","AI","AIA","660","","","ISO_3166-2_Code","","","","","","","","","","","","",""
"117a1230-883a-419b-971c-d51b6bfdabc1","true","Country Codes","Antarctica","AQ","ATA","10","","","ISO_3166-2_Code","","","","","","","","","","","","",""
"117a1230-883a-419b-971c-d51b6bfdabc1","true","Country Codes","Antigua and Barbuda","AG","ATG","28","","","ISO_3166-2_Code","","","","","","","","","","","","",""
"117a1230-883a-419b-971c-d51b6bfdabc1","true","Country Codes","Argentina","AR","ARG","32","","","ISO_3166-2_Code","","","","","","","","","","","","",""
"117a1230-883a-419b-971c-d51b6bfdabc1","true","Country Codes","Armenia","AM","ARM","51","","","ISO_3166-2_Code","","","","","","","","","","","","",""
"117a1230-883a-419b-971c-d51b6bfdabc1","true","Country Codes","Aruba","AW","ABW","533","","","ISO_3166-2_Code","","","","","","","","","","","","",""
"117a1230-883a-419b-971c-d51b6bfdabc1","true","Country Codes","Australia","AU","AUS","36","","","ISO_3166-2_Code","","","","","","","","","","","","",""
"117a1230-883a-419b-971c-d51b6bfdabc1","true","Country Codes","Austria","AT","AUT","40","","","ISO_3166-2_Code","","","","","","","","","","","","",""
"117a1230-883a-419b-971c-d51b6bfdabc1","true","Country Codes","Azerbaijan","AZ","AZE","31","","","ISO_3166-2_Code","","","","","","","","","","","","",""
"117a1230-883a-419b-971c-d51b6bfdabc1","true","Country Codes","Bahamas","BS","BHS","44","","","ISO_3166-2_Code","","","","","","","","","","","","",""
"117a1230-883a-419b-971c-d51b6bfdabc1","true","Country Codes","Bahrain","BH","BHR","48","","","ISO_3166-2_Code","","","","","","","","","","","","",""
"117a1230-883a-419b-971c-d51b6bfdabc1","true","Country Codes","Bangladesh","BD","BGD","50","","","ISO_3166-2_Code","","","","","","","","","","","","",""
"117a1230-883a-419b-971c-d51b6bfdabc1","true","Country Codes","Barbados","BB","BRB","52","","","ISO_3166-2_Code","","","","","","","","","","","","",""
"117a1230-883a-419b-971c-d51b6bfdabc1","true","Country Codes","Belarus","BY","BLR","112","Y","","","","","","","","","","","","","","",""
"117a1230-883a-419b-971c-d51b6bfdabc1","true","Country Codes","Belgium","BE","BEL","56","","","ISO_3166-2_Code","","","","","","","","","","","","",""
"117a1230-883a-419b-971c-d51b6bfdabc1","true","Country Codes","Belize","BZ","BLZ","84","","","ISO_3166-2_Code","","","","","","","","","","","","",""
"117a1230-883a-419b-971c-d51b6bfdabc1","true","Country Codes","Benin","BJ","BEN","204","","","ISO_3166-2_Code","","","","","","","","","","","","",""
"117a1230-883a-419b-971c-d51b6bfdabc1","true","Country Codes","Bermuda","BM","BMU","60","","","ISO_3166-2_Code","","","","","","","","","","","","",""
"117a1230-883a-419b-971c-d51b6bfdabc1","true","Country Codes","Bhutan","BT","BTN","64","","","ISO_3166-2_Code","","","","","","","","","","","","",""
"117a1230-883a-419b-971c-d51b6bfdabc1","true","Country Codes","Bolivia","BO","BOL","68","","","ISO_3166-2_Code","","","","","","","","","","","","",""
"117a1230-883a-419b-971c-d51b6bfdabc1","true","Country Codes","Bosnia and Herzegovina","BA","BIH","70","","","ISO_3166-2_Code","","","","","","","","","","","","",""
"117a1230-883a-419b-971c-d51b6bfdabc1","true","Country Codes","Botswana","BW","BWA","72","","","ISO_3166-2_Code","","","","","","","","","","","","",""
"117a1230-883a-419b-971c-d51b6bfdabc1","true","Country Codes","Bouvet Island","BV","BVT","74","","","ISO_3166-2_Code","","","","","","","","","","","","",""
"117a1230-883a-419b-971c-d51b6bfdabc1","true","Country Codes","Brazil","BR","BRA","76","","","ISO_3166-2_Code","","","","","","","","","","","","",""
"117a1230-883a-419b-971c-d51b6bfdabc1","true","Country Codes","British Indian Ocean Territory","IO","IOT","86","","","ISO_3166-2_Code","","","","","","","","","","","","",""
"117a1230-883a-419b-971c-d51b6bfdabc1","true","Country Codes","British Virgin Islands","VG","VGB","92","","","ISO_3166-2_Code","","","","","","","","","","","","",""
"117a1230-883a-419b-971c-d51b6bfdabc1","true","Country Codes","Brunei Darussalam","BN","BRN","96","","","ISO_3166-2_Code","","","","","","","","","","","","",""
"117a1230-883a-419b-971c-d51b6bfdabc1","true","Country Codes","Bulgaria","BG","BGR","100","","","ISO_3166-2_Code","","","","","","","","","","","","",""
"117a1230-883a-419b-971c-d51b6bfdabc1","true","Country Codes","Burkina Faso","BF","BFA","854","","","ISO_3166-2_Code","","","","","","","","","","","","",""
"117a1230-883a-419b-971c-d51b6bfdabc1","true","Country Codes","Burundi","BI","BDI","108","","","ISO_3166-2_Code","","","","","","","","","","","","",""
"117a1230-883a-419b-971c-d51b6bfdabc1","true","Country Codes","Cambodia","KH","KHM","116","","","ISO_3166-2_Code","","","","","","","","","","","","",""
"117a1230-883a-419b-971c-d51b6bfdabc1","true","Country Codes","Cameroon","CM","CMR","120","","","ISO_3166-2_Code","","","","","","","","","","","","",""
"117a1230-883a-419b-971c-d51b6bfdabc1","true","Country Codes","Canada","CA","CAN","124","Y","","ISO_3166-2_Code","","","","","","","","","","","","",""
"117a1230-883a-419b-971c-d51b6bfdabc1","true","Country Codes","Cape Verde","CV","CPV","132","","","ISO_3166-2_Code","","","","","","","","","","","","",""
"117a1230-883a-419b-971c-d51b6bfdabc1","true","Country Codes","Cayman Islands","KY","CYM","136","","","ISO_3166-2_Code","","","","","","","","","","","","",""
"117a1230-883a-419b-971c-d51b6bfdabc1","true","Country Codes","Central African Republic","CF","CAF","140","","","ISO_3166-2_Code","","","","","","","","","","","","",""
"117a1230-883a-419b-971c-d51b6bfdabc1","true","Country Codes","Chad","TD","TCD","148","","","ISO_3166-2_Code","","","","","","","","","","","","",""
"117a1230-883a-419b-971c-d51b6bfdabc1","true","Country Codes","Chile","CL","CHL","152","","","ISO_3166-2_Code","","","","","","","","","","","","",""
"117a1230-883a-419b-971c-d51b6bfdabc1","true","Country Codes","China","CN","CHN","156","","","Country_Region_ID","","","","","","","","","","","","",""
"117a1230-883a-419b-971c-d51b6bfdabc1","true","Country Codes","Christmas Island","CX","CXR","162","","","ISO_3166-2_Code","","","","","","","","","","","","",""
"117a1230-883a-419b-971c-d51b6bfdabc1","true","Country Codes","Cocos (Keeling) Islands","CC","CCK","166","","","ISO_3166-2_Code","","","","","","","","","","","","",""
"117a1230-883a-419b-971c-d51b6bfdabc1","true","Country Codes","Colombia","CO","COL","170","","","ISO_3166-2_Code","","","","","","","","","","","","",""
"117a1230-883a-419b-971c-d51b6bfdabc1","true","Country Codes","Comoros","KM","COM","174","","","ISO_3166-2_Code","","","","","","","","","","","","",""
"117a1230-883a-419b-971c-d51b6bfdabc1","true","Country Codes","Congo (Brazzaville)","CG","COG","178","","","ISO_3166-2_Code","","","","","","","","","","","","",""
"117a1230-883a-419b-971c-d51b6bfdabc1","true","Country Codes","Congo, (Kinshasa)","CD","COD","180","","","ISO_3166-2_Code","","","","","","","","","","","","",""
"117a1230-883a-419b-971c-d51b6bfdabc1","true","Country Codes","Cook Islands","CK","COK","184","","","ISO_3166-2_Code","","","","","","","","","","","","",""
"117a1230-883a-419b-971c-d51b6bfdabc1","true","Country Codes","Costa Rica","CR","CRI","188","","","ISO_3166-2_Code","","","","","","","","","","","","",""
"117a1230-883a-419b-971c-d51b6bfdabc1","true","Country Codes","Croatia","HR","HRV","191","","","ISO_3166-2_Code","","","","","","","","","","","","",""
"117a1230-883a-419b-971c-d51b6bfdabc1","true","Country Codes","Cuba","CU","CUB","192","","","ISO_3166-2_Code","","","","","","","","","","","","",""
"117a1230-883a-419b-971c-d51b6bfdabc1","true","Country Codes","Cyprus","CY","CYP","196","","","ISO_3166-2_Code","","","","","","","","","","","","",""
"117a1230-883a-419b-971c-d51b6bfdabc1","true","Country Codes","Czech Republic","CZ","CZE","203","","","ISO_3166-2_Code","","","","","","","","","","","","",""
"117a1230-883a-419b-971c-d51b6bfdabc1","true","Country Codes","Côte d'Ivoire","CI","CIV","384","","","ISO_3166-2_Code","","","","","","","","","","","","",""
"117a1230-883a-419b-971c-d51b6bfdabc1","true","Country Codes","Denmark","DK","DNK","208","","","ISO_3166-2_Code","","","","","","","","","","","","",""
"117a1230-883a-419b-971c-d51b6bfdabc1","true","Country Codes","Djibouti","DJ","DJI","262","","","ISO_3166-2_Code","","","","","","","","","","","","",""
"117a1230-883a-419b-971c-d51b6bfdabc1","true","Country Codes","Dominica","DM","DMA","212","","","ISO_3166-2_Code","","","","","","","","","","","","",""
"117a1230-883a-419b-971c-d51b6bfdabc1","true","Country Codes","Dominican Republic","DO","DOM","214","","","ISO_3166-2_Code","","","","","","","","","","","","",""
"117a1230-883a-419b-971c-d51b6bfdabc1","true","Country Codes","Ecuador","EC","ECU","218","","","ISO_3166-2_Code","","","","","","","","","","","","",""
"117a1230-883a-419b-971c-d51b6bfdabc1","true","Country Codes","Egypt","EG","EGY","818","","","ISO_3166-2_Code","","","","","","","","","","","","",""
"117a1230-883a-419b-971c-d51b6bfdabc1","true","Country Codes","El Salvador","SV","SLV","222","","","ISO_3166-2_Code","","","","","","","","","","","","",""
"117a1230-883a-419b-971c-d51b6bfdabc1","true","Country Codes","Equatorial Guinea","GQ","GNQ","226","","","ISO_3166-2_Code","","","","","","","","","","","","",""
"117a1230-883a-419b-971c-d51b6bfdabc1","true","Country Codes","Eritrea","ER","ERI","232","","","ISO_3166-2_Code","","","","","","","","","","","","",""
"117a1230-883a-419b-971c-d51b6bfdabc1","true","Country Codes","Estonia","EE","EST","233","","","ISO_3166-2_Code","","","","","","","","","","","","",""
"117a1230-883a-419b-971c-d51b6bfdabc1","true","Country Codes","Ethiopia","ET","ETH","231","","","ISO_3166-2_Code","","","","","","","","","","","","",""
"117a1230-883a-419b-971c-d51b6bfdabc1","true","Country Codes","Falkland Islands (Malvinas)","FK","FLK","238","","","ISO_3166-2_Code","","","","","","","","","","","","",""
"117a1230-883a-419b-971c-d51b6bfdabc1","true","Country Codes","Faroe Islands","FO","FRO","234","","","ISO_3166-2_Code","","","","","","","","","","","","",""
"117a1230-883a-419b-971c-d51b6bfdabc1","true","Country Codes","Fiji","FJ","FJI","242","","","ISO_3166-2_Code","","","","","","","","","","","","",""
"117a1230-883a-419b-971c-d51b6bfdabc1","true","Country Codes","Finland","FI","FIN","246","","","ISO_3166-2_Code","","","","","","","","","","","","",""
"117a1230-883a-419b-971c-d51b6bfdabc1","true","Country Codes","France","FR","FRA","250","","","ISO_3166-2_Code","","","","","","","","","","","","",""
"117a1230-883a-419b-971c-d51b6bfdabc1","true","Country Codes","French Guiana","GF","GUF","254","","","ISO_3166-2_Code","","","","","","","","","","","","",""
"117a1230-883a-419b-971c-d51b6bfdabc1","true","Country Codes","French Polynesia","PF","PYF","258","","","ISO_3166-2_Code","","","","","","","","","","","","",""
"117a1230-883a-419b-971c-d51b6bfdabc1","true","Country Codes","French Southern Territories","TF","ATF","260","","","ISO_3166-2_Code","","","","","","","","","","","","",""
"117a1230-883a-419b-971c-d51b6bfdabc1","true","Country Codes","Gabon","GA","GAB","266","","","ISO_3166-2_Code","","","","","","","","","","","","",""
"117a1230-883a-419b-971c-d51b6bfdabc1","true","Country Codes","Gambia","GM","GMB","270","","","ISO_3166-2_Code","","","","","","","","","","","","",""
"117a1230-883a-419b-971c-d51b6bfdabc1","true","Country Codes","Georgia","GE","GEO","268","","","ISO_3166-2_Code","","","","","","","","","","","","",""
"117a1230-883a-419b-971c-d51b6bfdabc1","true","Country Codes","Germany","DE","DEU","276","Y","","Country_Region_ID","","","","","","","","","","","","",""
"117a1230-883a-419b-971c-d51b6bfdabc1","true","Country Codes","Ghana","GH","GHA","288","","","ISO_3166-2_Code","","","","","","","","","","","","",""
"117a1230-883a-419b-971c-d51b6bfdabc1","true","Country Codes","Gibraltar","GI","GIB","292","","","ISO_3166-2_Code","","","","","","","","","","","","",""
"117a1230-883a-419b-971c-d51b6bfdabc1","true","Country Codes","Greece","GR","GRC","300","","","ISO_3166-2_Code","","","","","","","","","","","","",""
"117a1230-883a-419b-971c-d51b6bfdabc1","true","Country Codes","Greenland","GL","GRL","304","","","ISO_3166-2_Code","","","","","","","","","","","","",""
"117a1230-883a-419b-971c-d51b6bfdabc1","true","Country Codes","Grenada","GD","GRD","308","","","ISO_3166-2_Code","","","","","","","","","","","","",""
"117a1230-883a-419b-971c-d51b6bfdabc1","true","Country Codes","Guadeloupe","GP","GLP","312","","","ISO_3166-2_Code","","","","","","","","","","","","",""
"117a1230-883a-419b-971c-d51b6bfdabc1","true","Country Codes","Guam","GU","GUM","316","","","ISO_3166-2_Code","","","","","","","","","","","","",""
"117a1230-883a-419b-971c-d51b6bfdabc1","true","Country Codes","Guatemala","GT","GTM","320","","","ISO_3166-2_Code","","","","","","","","","","","","",""
"117a1230-883a-419b-971c-d51b6bfdabc1","true","Country Codes","Guernsey","GG","GGY","831","","","ISO_3166-2_Code","","","","","","","","","","","","",""
"117a1230-883a-419b-971c-d51b6bfdabc1","true","Country Codes","Guinea","GN","GIN","324","","","ISO_3166-2_Code","","","","","","","","","","","","",""
"117a1230-883a-419b-971c-d51b6bfdabc1","true","Country Codes","Guinea-Bissau","GW","GNB","624","","","ISO_3166-2_Code","","","","","","","","","","","","",""
"117a1230-883a-419b-971c-d51b6bfdabc1","true","Country Codes","Guyana","GY","GUY","328","","","ISO_3166-2_Code","","","","","","","","","","","","",""
"117a1230-883a-419b-971c-d51b6bfdabc1","true","Country Codes","Haiti","HT","HTI","332","","","ISO_3166-2_Code","","","","","","","","","","","","",""
"117a1230-883a-419b-971c-d51b6bfdabc1","true","Country Codes","Heard and Mcdonald Islands","HM","HMD","334","","","ISO_3166-2_Code","","","","","","","","","","","","",""
"117a1230-883a-419b-971c-d51b6bfdabc1","true","Country Codes","Holy See (Vatican City State)","VA","VAT","336","","","ISO_3166-2_Code","","","","","","","","","","","","",""
"117a1230-883a-419b-971c-d51b6bfdabc1","true","Country Codes","Honduras","HN","HND","340","","","ISO_3166-2_Code","","","","","","","","","","","","",""
"117a1230-883a-419b-971c-d51b6bfdabc1","true","Country Codes","Hong Kong, SAR China","HK","HKG","344","","","ISO_3166-2_Code","","","","","","","","","","","","",""
"117a1230-883a-419b-971c-d51b6bfdabc1","true","Country Codes","Hungary","HU","HUN","348","","","ISO_3166-2_Code","","","","","","","","","","","","",""
"117a1230-883a-419b-971c-d51b6bfdabc1","true","Country Codes","Iceland","IS","ISL","352","","","ISO_3166-2_Code","","","","","","","","","","","","",""
"117a1230-883a-419b-971c-d51b6bfdabc1","true","Country Codes","India","IN","IND","356","Y","","Country_Region_ID","","","","","","","","","","","","",""
"117a1230-883a-419b-971c-d51b6bfdabc1","true","Country Codes","Indonesia","ID","IDN","360","","","ISO_3166-2_Code","","","","","","","","","","","","",""
"117a1230-883a-419b-971c-d51b6bfdabc1","true","Country Codes","Iran, Islamic Republic of","IR","IRN","364","","","ISO_3166-2_Code","","","","","","","","","","","","",""
"117a1230-883a-419b-971c-d51b6bfdabc1","true","Country Codes","Iraq","IQ","IRQ","368","","","ISO_3166-2_Code","","","","","","","","","","","","",""
"117a1230-883a-419b-971c-d51b6bfdabc1","true","Country Codes","Ireland","IE","IRL","372","","","ISO_3166-2_Code","","","","","","","","","","","","",""
"117a1230-883a-419b-971c-d51b6bfdabc1","true","Country Codes","Isle of Man","IM","IMN","833","","","ISO_3166-2_Code","","","","","","","","","","","","",""
"117a1230-883a-419b-971c-d51b6bfdabc1","true","Country Codes","Israel","IL","ISR","376","","","ISO_3166-2_Code","","","","","","","","","","","","",""
"117a1230-883a-419b-971c-d51b6bfdabc1","true","Country Codes","Italy","IT","ITA","380","","","ISO_3166-2_Code","","","","","","","","","","","","",""
"117a1230-883a-419b-971c-d51b6bfdabc1","true","Country Codes","Jamaica","JM","JAM","388","","","ISO_3166-2_Code","","","","","","","","","","","","",""
"117a1230-883a-419b-971c-d51b6bfdabc1","true","Country Codes","Japan","JP","JPN","392","","","ISO_3166-2_Code","","","","","","","","","","","","",""
"117a1230-883a-419b-971c-d51b6bfdabc1","true","Country Codes","Jersey","JE","JEY","832","","","ISO_3166-2_Code","","","","","","","","","","","","",""
"117a1230-883a-419b-971c-d51b6bfdabc1","true","Country Codes","Jordan","JO","JOR","400","","","ISO_3166-2_Code","","","","","","","","","","","","",""
"117a1230-883a-419b-971c-d51b6bfdabc1","true","Country Codes","Kazakhstan","KZ","KAZ","398","","","ISO_3166-2_Code","","","","","","","","","","","","",""
"117a1230-883a-419b-971c-d51b6bfdabc1","true","Country Codes","Kenya","KE","KEN","404","","","ISO_3166-2_Code","","","","","","","","","","","","",""
"117a1230-883a-419b-971c-d51b6bfdabc1","true","Country Codes","Kiribati","KI","KIR","296","","","ISO_3166-2_Code","","","","","","","","","","","","",""
"117a1230-883a-419b-971c-d51b6bfdabc1","true","Country Codes","Korea (North)","KP","PRK","408","","","ISO_3166-2_Code","","","","","","","","","","","","",""
"117a1230-883a-419b-971c-d51b6bfdabc1","true","Country Codes","Korea (South)","KR","KOR","410","","","ISO_3166-2_Code","","","","","","","","","","","","",""
"117a1230-883a-419b-971c-d51b6bfdabc1","true","Country Codes","Kuwait","KW","KWT","414","","","ISO_3166-2_Code","","","","","","","","","","","","",""
"117a1230-883a-419b-971c-d51b6bfdabc1","true","Country Codes","Kyrgyzstan","KG","KGZ","417","","","ISO_3166-2_Code","","","","","","","","","","","","",""
"117a1230-883a-419b-971c-d51b6bfdabc1","true","Country Codes","Lao PDR","LA","LAO","418","","","ISO_3166-2_Code","","","","","","","","","","","","",""
"117a1230-883a-419b-971c-d51b6bfdabc1","true","Country Codes","Latvia","LV","LVA","428","","","ISO_3166-2_Code","","","","","","","","","","","","",""
"117a1230-883a-419b-971c-d51b6bfdabc1","true","Country Codes","Lebanon","LB","LBN","422","","","ISO_3166-2_Code","","","","","","","","","","","","",""
"117a1230-883a-419b-971c-d51b6bfdabc1","true","Country Codes","Lesotho","LS","LSO","426","","","ISO_3166-2_Code","","","","","","","","","","","","",""
"117a1230-883a-419b-971c-d51b6bfdabc1","true","Country Codes","Liberia","LR","LBR","430","","","ISO_3166-2_Code","","","","","","","","","","","","",""
"117a1230-883a-419b-971c-d51b6bfdabc1","true","Country Codes","Libya","LY","LBY","434","","","ISO_3166-2_Code","","","","","","","","","","","","",""
"117a1230-883a-419b-971c-d51b6bfdabc1","true","Country Codes","Liechtenstein","LI","LIE","438","","","ISO_3166-2_Code","","","","","","","","","","","","",""
"117a1230-883a-419b-971c-d51b6bfdabc1","true","Country Codes","Lithuania","LT","LTU","440","","","ISO_3166-2_Code","","","","","","","","","","","","",""
"117a1230-883a-419b-971c-d51b6bfdabc1","true","Country Codes","Luxembourg","LU","LUX","442","","","ISO_3166-2_Code","","","","","","","","","","","","",""
"117a1230-883a-419b-971c-d51b6bfdabc1","true","Country Codes","Macao, SAR China","MO","MAC","446","","","ISO_3166-2_Code","","","","","","","","","","","","",""
"117a1230-883a-419b-971c-d51b6bfdabc1","true","Country Codes","Macedonia, Republic of","MK","MKD","807","","","ISO_3166-2_Code","","","","","","","","","","","","",""
"117a1230-883a-419b-971c-d51b6bfdabc1","true","Country Codes","Madagascar","MG","MDG","450","","","ISO_3166-2_Code","","","","","","","","","","","","",""
"117a1230-883a-419b-971c-d51b6bfdabc1","true","Country Codes","Malawi","MW","MWI","454","","","ISO_3166-2_Code","","","","","","","","","","","","",""
"117a1230-883a-419b-971c-d51b6bfdabc1","true","Country Codes","Malaysia","MY","MYS","458","","","ISO_3166-2_Code","","","","","","","","","","","","",""
"117a1230-883a-419b-971c-d51b6bfdabc1","true","Country Codes","Maldives","MV","MDV","462","","","ISO_3166-2_Code","","","","","","","","","","","","",""
"117a1230-883a-419b-971c-d51b6bfdabc1","true","Country Codes","Mali","ML","MLI","466","","","ISO_3166-2_Code","","","","","","","","","","","","",""
"117a1230-883a-419b-971c-d51b6bfdabc1","true","Country Codes","Malta","MT","MLT","470","","","ISO_3166-2_Code","","","","","","","","","","","","",""
"117a1230-883a-419b-971c-d51b6bfdabc1","true","Country Codes","Marshall Islands","MH","MHL","584","","","ISO_3166-2_Code","","","","","","","","","","","","",""
"117a1230-883a-419b-971c-d51b6bfdabc1","true","Country Codes","Martinique","MQ","MTQ","474","","","ISO_3166-2_Code","","","","","","","","","","","","",""
"117a1230-883a-419b-971c-d51b6bfdabc1","true","Country Codes","Mauritania","MR","MRT","478","","","ISO_3166-2_Code","","","","","","","","","","","","",""
"117a1230-883a-419b-971c-d51b6bfdabc1","true","Country Codes","Mauritius","MU","MUS","480","","","ISO_3166-2_Code","","","","","","","","","","","","",""
"117a1230-883a-419b-971c-d51b6bfdabc1","true","Country Codes","Mayotte","YT","MYT","175","","","ISO_3166-2_Code","","","","","","","","","","","","",""
"117a1230-883a-419b-971c-d51b6bfdabc1","true","Country Codes","Mexico","MX","MEX","484","Y","Neighborhood","ISO_3166-2_Code","","","","","","","","","","","","",""
"117a1230-883a-419b-971c-d51b6bfdabc1","true","Country Codes","Micronesia, Federated States of","FM","FSM","583","","","ISO_3166-2_Code","","","","","","","","","","","","",""
"117a1230-883a-419b-971c-d51b6bfdabc1","true","Country Codes","Moldova","MD","MDA","498","","","ISO_3166-2_Code","","","","","","","","","","","","",""
"117a1230-883a-419b-971c-d51b6bfdabc1","true","Country Codes","Monaco","MC","MCO","492","","","ISO_3166-2_Code","","","","","","","","","","","","",""
"117a1230-883a-419b-971c-d51b6bfdabc1","true","Country Codes","Mongolia","MN","MNG","496","","","ISO_3166-2_Code","","","","","","","","","","","","",""
"117a1230-883a-419b-971c-d51b6bfdabc1","true","Country Codes","Montenegro","ME","MNE","499","","","ISO_3166-2_Code","","","","","","","","","","","","",""
"117a1230-883a-419b-971c-d51b6bfdabc1","true","Country Codes","Montserrat","MS","MSR","500","","","ISO_3166-2_Code","","","","","","","","","","","","",""
"117a1230-883a-419b-971c-d51b6bfdabc1","true","Country Codes","Morocco","MA","MAR","504","","","ISO_3166-2_Code","","","","","","","","","","","","",""
"117a1230-883a-419b-971c-d51b6bfdabc1","true","Country Codes","Mozambique","MZ","MOZ","508","","","ISO_3166-2_Code","","","","","","","","","","","","",""
"117a1230-883a-419b-971c-d51b6bfdabc1","true","Country Codes","Myanmar","MM","MMR","104","","","ISO_3166-2_Code","","","","","","","","","","","","",""
"117a1230-883a-419b-971c-d51b6bfdabc1","true","Country Codes","Namibia","NA","NAM","516","","","ISO_3166-2_Code","","","","","","","","","","","","",""
"117a1230-883a-419b-971c-d51b6bfdabc1","true","Country Codes","Nauru","NR","NRU","520","","","ISO_3166-2_Code","","","","","","","","","","","","",""
"117a1230-883a-419b-971c-d51b6bfdabc1","true","Country Codes","Nepal","NP","NPL","524","","","ISO_3166-2_Code","","","","","","","","","","","","",""
"117a1230-883a-419b-971c-d51b6bfdabc1","true","Country Codes","Netherlands","NL","NLD","528","","","ISO_3166-2_Code","","","","","","","","","","","","",""
"117a1230-883a-419b-971c-d51b6bfdabc1","true","Country Codes","Netherlands Antilles","AN","ANT","530","","","ISO_3166-2_Code","","","","","","","","","","","","",""
"117a1230-883a-419b-971c-d51b6bfdabc1","true","Country Codes","New Caledonia","NC","NCL","540","","","ISO_3166-2_Code","","","","","","","","","","","","",""
"117a1230-883a-419b-971c-d51b6bfdabc1","true","Country Codes","New Zealand","NZ","NZL","554","","","ISO_3166-2_Code","","","","","","","","","","","","",""
"117a1230-883a-419b-971c-d51b6bfdabc1","true","Country Codes","Nicaragua","NI","NIC","558","","","ISO_3166-2_Code","","","","","","","","","","","","",""
"117a1230-883a-419b-971c-d51b6bfdabc1","true","Country Codes","Niger","NE","NER","562","","","ISO_3166-2_Code","","","","","","","","","","","","",""
"117a1230-883a-419b-971c-d51b6bfdabc1","true","Country Codes","Nigeria","NG","NGA","566","","","ISO_3166-2_Code","","","","","","","","","","","","",""
"117a1230-883a-419b-971c-d51b6bfdabc1","true","Country Codes","Niue","NU","NIU","570","","","ISO_3166-2_Code","","","","","","","","","","","","",""
"117a1230-883a-419b-971c-d51b6bfdabc1","true","Country Codes","Norfolk Island","NF","NFK","574","","","ISO_3166-2_Code","","","","","","","","","","","","",""
"117a1230-883a-419b-971c-d51b6bfdabc1","true","Country Codes","Northern Mariana Islands","MP","MNP","580","","","ISO_3166-2_Code","","","","","","","","","","","","",""
"117a1230-883a-419b-971c-d51b6bfdabc1","true","Country Codes","Norway","NO","NOR","578","","","ISO_3166-2_Code","","","","","","","","","","","","",""
"117a1230-883a-419b-971c-d51b6bfdabc1","true","Country Codes","Oman","OM","OMN","512","","","ISO_3166-2_Code","","","","","","","","","","","","",""
"117a1230-883a-419b-971c-d51b6bfdabc1","true","Country Codes","Pakistan","PK","PAK","586","","","ISO_3166-2_Code","","","","","","","","","","","","",""
"117a1230-883a-419b-971c-d51b6bfdabc1","true","Country Codes","Palau","PW","PLW","585","","","ISO_3166-2_Code","","","","","","","","","","","","",""
"117a1230-883a-419b-971c-d51b6bfdabc1","true","Country Codes","Palestinian Territory","PS","PSE","275","","","ISO_3166-2_Code","","","","","","","","","","","","",""
"117a1230-883a-419b-971c-d51b6bfdabc1","true","Country Codes","Panama","PA","PAN","591","","","ISO_3166-2_Code","","","","","","","","","","","","",""
"117a1230-883a-419b-971c-d51b6bfdabc1","true","Country Codes","Papua New Guinea","PG","PNG","598","","","ISO_3166-2_Code","","","","","","","","","","","","",""
"117a1230-883a-419b-971c-d51b6bfdabc1","true","Country Codes","Paraguay","PY","PRY","600","","","ISO_3166-2_Code","","","","","","","","","","","","",""
"117a1230-883a-419b-971c-d51b6bfdabc1","true","Country Codes","Peru","PE","PER","604","","","ISO_3166-2_Code","","","","","","","","","","","","",""
"117a1230-883a-419b-971c-d51b6bfdabc1","true","Country Codes","Philippines","PH","PHL","608","","","ISO_3166-2_Code","","","","","","","","","","","","",""
"117a1230-883a-419b-971c-d51b6bfdabc1","true","Country Codes","Pitcairn","PN","PCN","612","","","ISO_3166-2_Code","","","","","","","","","","","","",""
"117a1230-883a-419b-971c-d51b6bfdabc1","true","Country Codes","Poland","PL","POL","616","","","ISO_3166-2_Code","","","","","","","","","","","","",""
"117a1230-883a-419b-971c-d51b6bfdabc1","true","Country Codes","Portugal","PT","PRT","620","","","ISO_3166-2_Code","","","","","","","","","","","","",""
"117a1230-883a-419b-971c-d51b6bfdabc1","true","Country Codes","Puerto Rico","PR","PRI","630","","","ISO_3166-2_Code","","","","","","","","","","","","",""
"117a1230-883a-419b-971c-d51b6bfdabc1","true","Country Codes","Qatar","QA","QAT","634","","","ISO_3166-2_Code","","","","","","","","","","","","",""
"117a1230-883a-419b-971c-d51b6bfdabc1","true","Country Codes","Romania","RO","ROU","642","","","ISO_3166-2_Code","","","","","","","","","","","","",""
"117a1230-883a-419b-971c-d51b6bfdabc1","true","Country Codes","Russian Federation","RU","RUS","643","","","ISO_3166-2_Code","","","","","","","","","","","","",""
"117a1230-883a-419b-971c-d51b6bfdabc1","true","Country Codes","Rwanda","RW","RWA","646","","","ISO_3166-2_Code","","","","","","","","","","","","",""
"117a1230-883a-419b-971c-d51b6bfdabc1","true","Country Codes","Réunion","RE","REU","638","","","ISO_3166-2_Code","","","","","","","","","","","","",""
"117a1230-883a-419b-971c-d51b6bfdabc1","true","Country Codes","Saint Helena","SH","SHN","654","","","ISO_3166-2_Code","","","","","","","","","","","","",""
"117a1230-883a-419b-971c-d51b6bfdabc1","true","Country Codes","Saint Kitts and Nevis","KN","KNA","659","","","ISO_3166-2_Code","","","","","","","","","","","","",""
"117a1230-883a-419b-971c-d51b6bfdabc1","true","Country Codes","Saint Lucia","LC","LCA","662","","","ISO_3166-2_Code","","","","","","","","","","","","",""
"117a1230-883a-419b-971c-d51b6bfdabc1","true","Country Codes","Saint Pierre and Miquelon","PM","SPM","666","","","ISO_3166-2_Code","","","","","","","","","","","","",""
"117a1230-883a-419b-971c-d51b6bfdabc1","true","Country Codes","Saint Vincent and Grenadines","VC","VCT","670","","","ISO_3166-2_Code","","","","","","","","","","","","",""
"117a1230-883a-419b-971c-d51b6bfdabc1","true","Country Codes","Saint-Barthélemy","BL","BLM","652","","","ISO_3166-2_Code","","","","","","","","","","","","",""
"117a1230-883a-419b-971c-d51b6bfdabc1","true","Country Codes","Saint-Martin (French part)","MF","MAF","663","","","ISO_3166-2_Code","","","","","","","","","","","","",""
"117a1230-883a-419b-971c-d51b6bfdabc1","true","Country Codes","Samoa","WS","WSM","882","","","ISO_3166-2_Code","","","","","","","","","","","","",""
"117a1230-883a-419b-971c-d51b6bfdabc1","true","Country Codes","San Marino","SM","SMR","674","","","ISO_3166-2_Code","","","","","","","","","","","","",""
"117a1230-883a-419b-971c-d51b6bfdabc1","true","Country Codes","Sao Tome and Principe","ST","STP","678","","","ISO_3166-2_Code","","","","","","","","","","","","",""
"117a1230-883a-419b-971c-d51b6bfdabc1","true","Country Codes","Saudi Arabia","SA","SAU","682","","","ISO_3166-2_Code","","","","","","","","","","","","",""
"117a1230-883a-419b-971c-d51b6bfdabc1","true","Country Codes","Senegal","SN","SEN","686","","","ISO_3166-2_Code","","","","","","","","","","","","",""
"117a1230-883a-419b-971c-d51b6bfdabc1","true","Country Codes","Serbia","RS","SRB","688","","","ISO_3166-2_Code","","","","","","","","","","","","",""
"117a1230-883a-419b-971c-d51b6bfdabc1","true","Country Codes","Seychelles","SC","SYC","690","","","ISO_3166-2_Code","","","","","","","","","","","","",""
"117a1230-883a-419b-971c-d51b6bfdabc1","true","Country Codes","Sierra Leone","SL","SLE","694","","","ISO_3166-2_Code","","","","","","","","","","","","",""
"117a1230-883a-419b-971c-d51b6bfdabc1","true","Country Codes","Singapore","SG","SGP","702","","","ISO_3166-2_Code","","","","","","","","","","","","",""
"117a1230-883a-419b-971c-d51b6bfdabc1","true","Country Codes","Slovakia","SK","SVK","703","","","ISO_3166-2_Code","","","","","","","","","","","","",""
"117a1230-883a-419b-971c-d51b6bfdabc1","true","Country Codes","Slovenia","SI","SVN","705","","","ISO_3166-2_Code","","","","","","","","","","","","",""
"117a1230-883a-419b-971c-d51b6bfdabc1","true","Country Codes","Solomon Islands","SB","SLB","90","","","ISO_3166-2_Code","","","","","","","","","","","","",""
"117a1230-883a-419b-971c-d51b6bfdabc1","true","Country Codes","Somalia","SO","SOM","706","","","ISO_3166-2_Code","","","","","","","","","","","","",""
"117a1230-883a-419b-971c-d51b6bfdabc1","true","Country Codes","South Africa","ZA","ZAF","710","","","ISO_3166-2_Code","","","","","","","","","","","","",""
"117a1230-883a-419b-971c-d51b6bfdabc1","true","Country Codes","South Georgia and the South Sandwich Islands","GS","SGS","239","","","ISO_3166-2_Code","","","","","","","","","","","","",""
"117a1230-883a-419b-971c-d51b6bfdabc1","true","Country Codes","South Sudan","SS","SSD","728","","","ISO_3166-2_Code","","","","","","","","","","","","",""
"117a1230-883a-419b-971c-d51b6bfdabc1","true","Country Codes","Spain","ES","ESP","724","Y","","ISO_3166-2_Code","","","","","","","","","","","","",""
"117a1230-883a-419b-971c-d51b6bfdabc1","true","Country Codes","Sri Lanka","LK","LKA","144","","","ISO_3166-2_Code","","","","","","","","","","","","",""
"117a1230-883a-419b-971c-d51b6bfdabc1","true","Country Codes","Sudan","SD","SDN","736","","","ISO_3166-2_Code","","","","","","","","","","","","",""
"117a1230-883a-419b-971c-d51b6bfdabc1","true","Country Codes","Suriname","SR","SUR","740","","","ISO_3166-2_Code","","","","","","","","","","","","",""
"117a1230-883a-419b-971c-d51b6bfdabc1","true","Country Codes","Svalbard and Jan Mayen Islands","SJ","SJM","744","","","ISO_3166-2_Code","","","","","","","","","","","","",""
"117a1230-883a-419b-971c-d51b6bfdabc1","true","Country Codes","Swaziland","SZ","SWZ","748","","","ISO_3166-2_Code","","","","","","","","","","","","",""
"117a1230-883a-419b-971c-d51b6bfdabc1","true","Country Codes","Sweden","SE","SWE","752","","","ISO_3166-2_Code","","","","","","","","","","","","",""
"117a1230-883a-419b-971c-d51b6bfdabc1","true","Country Codes","Switzerland","CH","CHE","756","","","ISO_3166-2_Code","","","","","","","","","","","","",""
"117a1230-883a-419b-971c-d51b6bfdabc1","true","Country Codes","Syrian Arab Republic (Syria)","SY","SYR","760","","","ISO_3166-2_Code","","","","","","","","","","","","",""
"117a1230-883a-419b-971c-d51b6bfdabc1","true","Country Codes","Taiwan","TW","TWN","158","Y","","ISO_3166-2_Code","","","","","","","","","","","","",""
"117a1230-883a-419b-971c-d51b6bfdabc1","true","Country Codes","Taiwan, Republic of China","TW","TWN","158","Y","","ISO_3166-2_Code","","","","","","","","","","","","",""
"117a1230-883a-419b-971c-d51b6bfdabc1","true","Country Codes","Tajikistan","TJ","TJK","762","","","ISO_3166-2_Code","","","","","","","","","","","","",""
"117a1230-883a-419b-971c-d51b6bfdabc1","true","Country Codes","Tanzania, United Republic of","TZ","TZA","834","","","ISO_3166-2_Code","","","","","","","","","","","","",""
"117a1230-883a-419b-971c-d51b6bfdabc1","true","Country Codes","Thailand","TH","THA","764","","","ISO_3166-2_Code","","","","","","","","","","","","",""
"117a1230-883a-419b-971c-d51b6bfdabc1","true","Country Codes","Timor-Leste","TL","TLS","626","","","ISO_3166-2_Code","","","","","","","","","","","","",""
"117a1230-883a-419b-971c-d51b6bfdabc1","true","Country Codes","Togo","TG","TGO","768","","","ISO_3166-2_Code","","","","","","","","","","","","",""
"117a1230-883a-419b-971c-d51b6bfdabc1","true","Country Codes","Tokelau","TK","TKL","772","","","ISO_3166-2_Code","","","","","","","","","","","","",""
"117a1230-883a-419b-971c-d51b6bfdabc1","true","Country Codes","Tonga","TO","TON","776","","","ISO_3166-2_Code","","","","","","","","","","","","",""
"117a1230-883a-419b-971c-d51b6bfdabc1","true","Country Codes","Trinidad and Tobago","TT","TTO","780","","","ISO_3166-2_Code","","","","","","","","","","","","",""
"117a1230-883a-419b-971c-d51b6bfdabc1","true","Country Codes","Tunisia","TN","TUN","788","","","ISO_3166-2_Code","","","","","","","","","","","","",""
"117a1230-883a-419b-971c-d51b6bfdabc1","true","Country Codes","Turkey","TR","TUR","792","Y","","Country_Region_ID","","","","","","","","","","","","",""
"117a1230-883a-419b-971c-d51b6bfdabc1","true","Country Codes","Turkmenistan","TM","TKM","795","","","ISO_3166-2_Code","","","","","","","","","","","","",""
"117a1230-883a-419b-971c-d51b6bfdabc1","true","Country Codes","Turks and Caicos Islands","TC","TCA","796","","","ISO_3166-2_Code","","","","","","","","","","","","",""
"117a1230-883a-419b-971c-d51b6bfdabc1","true","Country Codes","Tuvalu","TV","TUV","798","","","ISO_3166-2_Code","","","","","","","","","","","","",""
"117a1230-883a-419b-971c-d51b6bfdabc1","true","Country Codes","Uganda","UG","UGA","800","","","ISO_3166-2_Code","","","","","","","","","","","","",""
"117a1230-883a-419b-971c-d51b6bfdabc1","true","Country Codes","Ukraine","UA","UKR","804","","","ISO_3166-2_Code","","","","","","","","","","","","",""
"117a1230-883a-419b-971c-d51b6bfdabc1","true","Country Codes","United Arab Emirates","AE","ARE","784","","","ISO_3166-2_Code","","","","","","","","","","","","",""
"117a1230-883a-419b-971c-d51b6bfdabc1","true","Country Codes","United Kingdom","GB","GBR","826","Y","","ISO_3166-2_Code","","","","","","","","","","","","",""
"117a1230-883a-419b-971c-d51b6bfdabc1","true","Country Codes","United States","US","USA","840","Y","","ISO_3166-2_Code","","","","","","","","","","","","",""
"117a1230-883a-419b-971c-d51b6bfdabc1","true","Country Codes","Uruguay","UY","URY","858","","","ISO_3166-2_Code","","","","","","","","","","","","",""
"117a1230-883a-419b-971c-d51b6bfdabc1","true","Country Codes","US Minor Outlying Islands","UM","UMI","581","","","ISO_3166-2_Code","","","","","","","","","","","","",""
"117a1230-883a-419b-971c-d51b6bfdabc1","true","Country Codes","Uzbekistan","UZ","UZB","860","","","ISO_3166-2_Code","","","","","","","","","","","","",""
"117a1230-883a-419b-971c-d51b6bfdabc1","true","Country Codes","Vanuatu","VU","VUT","548","","","ISO_3166-2_Code","","","","","","","","","","","","",""
"117a1230-883a-419b-971c-d51b6bfdabc1","true","Country Codes","Venezuela (Bolivarian Republic)","VE","VEN","862","","","ISO_3166-2_Code","","","","","","","","","","","","",""
"117a1230-883a-419b-971c-d51b6bfdabc1","true","Country Codes","Viet Nam","VN","VNM","704","","","ISO_3166-2_Code","","","","","","","","","","","","",""
"117a1230-883a-419b-971c-d51b6bfdabc1","true","Country Codes","Virgin Islands, US","VI","VIR","850","","","ISO_3166-2_Code","","","","","","","","","","","","",""
"117a1230-883a-419b-971c-d51b6bfdabc1","true","Country Codes","Wallis and Futuna Islands","WF","WLF","876","","","ISO_3166-2_Code","","","","","","","","","","","","",""
"117a1230-883a-419b-971c-d51b6bfdabc1","true","Country Codes","Western Sahara","EH","ESH","732","","","ISO_3166-2_Code","","","","","","","","","","","","",""
"117a1230-883a-419b-971c-d51b6bfdabc1","true","Country Codes","Yemen","YE","YEM","887","","","ISO_3166-2_Code","","","","","","","","","","","","",""
"117a1230-883a-419b-971c-d51b6bfdabc1","true","Country Codes","Zambia","ZM","ZMB","894","","","ISO_3166-2_Code","","","","","","","","","","","","",""
"117a1230-883a-419b-971c-d51b6bfdabc1","true","Country Codes","Zimbabwe","ZW","ZWE","716","","","ISO_3166-2_Code","","","","","","","","","","","","",""
